<?xml version="1.0" encoding="UTF-8"?>

<mule xmlns:amqp="http://www.mulesoft.org/schema/mule/amqp" xmlns:http="http://www.mulesoft.org/schema/mule/http"
	xmlns="http://www.mulesoft.org/schema/mule/core"
	xmlns:doc="http://www.mulesoft.org/schema/mule/documentation" xmlns:xsi="http://www.w3.org/2001/XMLSchema-instance" xsi:schemaLocation="http://www.mulesoft.org/schema/mule/core http://www.mulesoft.org/schema/mule/core/current/mule.xsd
http://www.mulesoft.org/schema/mule/http http://www.mulesoft.org/schema/mule/http/current/mule-http.xsd
http://www.mulesoft.org/schema/mule/amqp http://www.mulesoft.org/schema/mule/amqp/current/mule-amqp.xsd">
	<http:listener-config name="HTTP_Listener_config" doc:name="HTTP Listener config" doc:id="84d63a2d-ee33-468e-8714-ac96e50092fa" >
		<http:listener-connection host="0.0.0.0" port="${http.port}" />
	</http:listener-config>
	<configuration-properties doc:name="Configuration properties" doc:id="7f0ae280-a0e0-4bdd-8c06-23ccc61d89de" file="configuration-properties.yaml" />
	<amqp:config name="AMQP_Config" doc:name="AMQP Config" doc:id="d350dcfc-40e6-47a1-b006-d5b72e1df289" >
		<amqp:connection host="${rabbit-mq.host}" port="${rabbit-mq.port}" virtualHost="${rabbit-mq.virtual-host}" username="${rabbit-mq.username}" password="${rabbit-mq.password}" />
	</amqp:config>
	<flow name="rabbit-mq-publish-message-flow" doc:id="bdfe7315-d79a-472c-91d6-53cfb7416779" >
		<http:listener doc:name="Listener" doc:id="c7a28646-2937-493e-a9b0-73012d8a05e0" config-ref="HTTP_Listener_config" path="/api/publishMessage" allowedMethods="POST"/>
		<amqp:publish doc:name="Publish Message to Exchange" doc:id="6f74a4ef-6df0-4f8e-92c6-be21c27e06fa" config-ref="AMQP_Config" createFallbackExchange="true" exchangeName="${rabbit-mq.exchange-name}" deliveryMode="PERSISTENT" sendCorrelationId="AUTO">
			<amqp:fallback-exchange-definition type="TOPIC"/>
			<amqp:routing-keys >
				<amqp:routing-key value='#[Mule::p("rabbit-mq.bb-finalize.routing-key")]' />
			</amqp:routing-keys>
			<amqp:message >
				<amqp:headers ><![CDATA[#[{
	"x-root-correlation-id" : uuid()
}]]]></amqp:headers>
			</amqp:message>
		</amqp:publish>
		<logger level="INFO" doc:name="Logger" doc:id="ecf1a1e7-701e-4246-b32c-12d8d0454608" message="Message Published"/>
		<set-payload value='#[output application/json&#10;---&#10;{&#10;	"status" : "Message published successfully.",&#10;	"message" : payload&#10;}]' doc:name="Set Response Payload" doc:id="5faa1e8c-5c28-4f00-8a7f-64d3b8d1566e" />
	</flow>
	<flow name="rabbit-mq-consume-bb-finalize-interaction-engine-flow" doc:id="bccf26a6-a35a-412d-aa2f-00110c8168f7" >
		<amqp:listener doc:name="Listener" doc:id="6de4757f-e2c8-4edd-b1ae-4b90519e922a" config-ref="AMQP_Config" queueName="${rabbit-mq.interaction-engine.queue-name}" ackMode="IMMEDIATE" numberOfConsumers="${rabbit-mq.consumers}" consumerTag="bb-finalize-interactionEngine-consumer" inboundEncoding="UTF-8" inboundContentType="application/json" createFallbackQueue="true">
			<amqp:fallback-queue-definition exchangeToBind="${rabbit-mq.exchange-name}" bindingRoutingKey="${rabbit-mq.interaction-engine.binding-key}"/>
			<amqp:listener-quality-of-service-config prefetchCount="${rabbit-mq.prefetch-count}" />
		</amqp:listener>
		<logger level="INFO" doc:name="Logger" doc:id="c0ec5275-f97c-4f0d-a264-efe34a14e56c" message="Message receieved by bb-finalize-interactionEngine-consumer"/>
		<logger level="INFO" doc:name="Message Content Logger" doc:id="eab2406b-9bb5-4642-af3f-bd74a5b78f37" message="#[payload]"/>
	</flow>
	<flow name="rabbit-mq-consume-bb-finalize-loyalty-program-flow" doc:id="febd072e-32d8-4919-89b5-83f04ad28d27" >
		<amqp:listener doc:name="Listener" doc:id="536bbb37-87ff-4e6d-a752-a714528354fa" config-ref="AMQP_Config" queueName="${rabbit-mq.loyalty-program.queue-name}" ackMode="IMMEDIATE" numberOfConsumers="${rabbit-mq.consumers}" consumerTag="bb-finalize-loyaltyProgram-consumer" inboundEncoding="UTF-8" inboundContentType="application/json" createFallbackQueue="true" >
			<amqp:fallback-queue-definition exchangeToBind="${rabbit-mq.exchange-name}" bindingRoutingKey="${rabbit-mq.loyalty-program.binding-key}"/>
			<amqp:listener-quality-of-service-config prefetchCount="${rabbit-mq.prefetch-count}" />
		</amqp:listener>
		<logger level="INFO" doc:name="Logger" doc:id="27a2d90a-7c18-409c-b94f-4ace63e055c8" message="Message receieved by bb-finalize-loyaltyProgram-consumer"/>
		<logger level="INFO" doc:name="Message Content Logger" doc:id="55a62169-75ff-4f38-be39-1cdc8bf0de1c" message="#[payload]" />
	</flow>
</mule>
