{
	"info": {
		"_postman_id": "03c22eb8-8e63-445b-ae6d-6cc24acaf74e",
		"name": "OB",
		"schema": "https://schema.getpostman.com/json/collection/v2.1.0/collection.json"
	},
	"item": [
		{
			"name": "loanProducts",
			"request": {
				"method": "GET",
				"header": [
					{
						"key": "client_id",
						"value": "1",
						"type": "text"
					},
					{
						"key": "client_secret",
						"value": "1",
						"type": "text"
					}
				],
				"url": {
					"raw": "http://localhost:8082/api/loanProducts",
					"protocol": "http",
					"host": [
						"localhost"
					],
					"port": "8082",
					"path": [
						"api",
						"loanProducts"
					]
				}
			},
			"response": []
		},
		{
			"name": "createPaymentPlan",
			"request": {
				"method": "POST",
				"header": [
					{
						"key": "client_id",
						"value": "1",
						"type": "text"
					},
					{
						"key": "client_secret",
						"value": "1",
						"type": "text"
					}
				],
				"body": {
					"mode": "raw",
					"raw": "{\r\n    \"loanAmount\": 1300,\r\n    \"repaymentPeriodCount\": 12,\r\n    \"treatmentAmount\": 2800,\r\n    \"insuranceAmount\": 800,\r\n    \"discountAmount\": 35,\r\n    \"downPaymnetAmount\": 500,\r\n    \"paymentSchedules\": [\r\n        {\r\n            \"scheduledDate\": \"2020-07-23\",\r\n            \"paymentMethodId\": 1,\r\n            \"paymentMethodDescription\": \"Primary\",\r\n            \"status\": \"PENDING\",\r\n            \"reasonId\": 7,\r\n            \"principalExpected\": 100,\r\n            \"interestExpected\": 0,\r\n            \"obFeeExpected\": 0\r\n        },\r\n        {\r\n            \"scheduledDate\": \"2020-08-06\",\r\n            \"paymentMethodId\": 1,\r\n            \"paymentMethodDescription\": \"Primary\",\r\n            \"status\": \"PENDING\",\r\n            \"reasonId\": 7,\r\n            \"principalExpected\": 100,\r\n            \"interestExpected\": 0,\r\n            \"obFeeExpected\": 0\r\n        }\r\n    ]\r\n}",
					"options": {
						"raw": {
							"language": "json"
						}
					}
				},
				"url": {
					"raw": "http://localhost:8082/api/loanAccounts",
					"protocol": "http",
					"host": [
						"localhost"
					],
					"port": "8082",
					"path": [
						"api",
						"loanAccounts"
					]
				}
			},
			"response": []
		},
		{
			"name": "loanAccounts",
			"request": {
				"method": "GET",
				"header": [
					{
						"key": "client_id",
						"value": "1",
						"type": "text"
					},
					{
						"key": "client_secret",
						"value": "1",
						"type": "text"
					}
				],
				"url": {
					"raw": "http://localhost:8082/api/loanAccounts/29",
					"protocol": "http",
					"host": [
						"localhost"
					],
					"port": "8082",
					"path": [
						"api",
						"loanAccounts",
						"29"
					]
				}
			},
			"response": []
		},
		{
			"name": "upcomingPaymentSummary",
			"request": {
				"method": "GET",
				"header": [
					{
						"key": "client_id",
						"value": "72df9d1790014202b576a409b3938629",
						"type": "text"
					},
					{
						"key": "client_secret",
						"value": "87B01279A7AC40E4B53C404e29AFF5A7",
						"type": "text"
					}
				],
				"url": {
					"raw": "http://localhost:8082/api/loanAccounts/29/paymentSchedules/upcomingPaymentSummary",
					"protocol": "http",
					"host": [
						"localhost"
					],
					"port": "8082",
					"path": [
						"api",
						"loanAccounts",
						"29",
						"paymentSchedules",
						"upcomingPaymentSummary"
					]
				}
			},
			"response": []
		},
		{
			"name": "DRAFT_DATE",
			"request": {
				"method": "PATCH",
				"header": [
					{
						"key": "client_id",
						"value": "1",
						"type": "text"
					},
					{
						"key": "client_secret",
						"value": "1",
						"type": "text"
					}
				],
				"body": {
					"mode": "raw",
					"raw": "{\r\n    \"transactionType\": \"DRAFT_DATE\",\r\n    \"loanAccount\": {\r\n        \"id\": 1,\r\n        \"totalPrincipalBalance\": 2000,\r\n        \"repaymentPeriodCount\": 12,\r\n        \"totalInterestBalance\": 0,\r\n        \"totalOBFeesBalance\": 0,\r\n        \"maturedOn\": \"2020-08-23\",\r\n        \"repaymentInstallments\": 18,\r\n        \"paymentSchedules\": [\r\n            {\r\n                \"id\": 4,\r\n                \"scheduledDate\": \"2020-07-23\",\r\n                \"paymentMethodId\": 1,\r\n                \"paymentMethodDescription\": \"Primary\",\r\n                \"status\": \"CANCELLED\",\r\n                \"reasonId\": 7,\r\n                \"principalExpected\": 100,\r\n                \"interestExpected\": 0,\r\n                \"obFeeExpected\": 0,\r\n                \"otherReasonValue\": \"other\",\r\n                \"arrangements\": \"Draft date change\",\r\n                \"parentReferenceId\": null\r\n            },\r\n            {\r\n                \"id\": null,\r\n                \"scheduledDate\": \"2020-08-06\",\r\n                \"paymentMethodId\": 1,\r\n                \"paymentMethodDescription\": \"Primary\",\r\n                \"status\": \"PENDING\",\r\n                \"reasonId\": 7,\r\n                \"principalExpected\": 100,\r\n                \"interestExpected\": 0,\r\n                \"obFeeExpected\": 0,\r\n                \"otherReasonValue\": \"\",\r\n                \"arrangements\": null,\r\n                \"parentReferenceId\": 4\r\n            }\r\n        ]\r\n    }\r\n}",
					"options": {
						"raw": {
							"language": "json"
						}
					}
				},
				"url": {
					"raw": "http://localhost:8082/api/loanAccounts/28/paymentSchedules",
					"protocol": "http",
					"host": [
						"localhost"
					],
					"port": "8082",
					"path": [
						"api",
						"loanAccounts",
						"28",
						"paymentSchedules"
					]
				}
			},
			"response": []
		},
		{
			"name": "DRAFT_DATE Copy",
			"request": {
				"method": "PATCH",
				"header": [
					{
						"key": "client_id",
						"value": "1",
						"type": "text"
					},
					{
						"key": "client_secret",
						"value": "1",
						"type": "text"
					}
				],
				"body": {
					"mode": "raw",
					"raw": "{\r\n    \"transactionType\": \"DRAFT_DATE\",\r\n    \"loanAccount\": {\r\n        \"id\": 1,\r\n        \"totalPrincipalBalance\": 2000,\r\n        \"repaymentPeriodCount\": 12,\r\n        \"totalInterestBalance\": 0,\r\n        \"totalOBFeesBalance\": 0,\r\n        \"maturedOn\": \"2020-08-23\",\r\n        \"repaymentInstallments\": 18,\r\n        \"paymentSchedules\": [\r\n            {\r\n                \"id\": 4,\r\n                \"scheduledDate\": \"2020-07-23\",\r\n                \"paymentMethodId\": 1,\r\n                \"paymentMethodDescription\": \"Primary\",\r\n                \"status\": \"CANCELLED\",\r\n                \"reasonId\": 7,\r\n                \"principalExpected\": 100,\r\n                \"interestExpected\": 0,\r\n                \"obFeeExpected\": 0,\r\n                \"otherReasonValue\": \"other\",\r\n                \"arrangements\": \"Draft date change\",\r\n                \"parentReferenceId\": null\r\n            },\r\n            {\r\n                \"id\": null,\r\n                \"scheduledDate\": \"2020-08-06\",\r\n                \"paymentMethodId\": 1,\r\n                \"paymentMethodDescription\": \"Primary\",\r\n                \"status\": \"PENDING\",\r\n                \"reasonId\": 7,\r\n                \"principalExpected\": 100,\r\n                \"interestExpected\": 0,\r\n                \"obFeeExpected\": 0,\r\n                \"otherReasonValue\": \"\",\r\n                \"arrangements\": null,\r\n                \"parentReferenceId\": 4\r\n            }\r\n        ]\r\n    }\r\n}",
					"options": {
						"raw": {
							"language": "json"
						}
					}
				},
				"url": {
					"raw": "https://int.intellipractice.io/lms-papi-qa/api/loanAccounts/1/paymentSchedules/adjustBalance",
					"protocol": "https",
					"host": [
						"int",
						"intellipractice",
						"io"
					],
					"path": [
						"lms-papi-qa",
						"api",
						"loanAccounts",
						"1",
						"paymentSchedules",
						"adjustBalance"
					]
				}
			},
			"response": []
		},
		{
			"name": "SKIP_DATE",
			"request": {
				"method": "PATCH",
				"header": [
					{
						"key": "client_id",
						"value": "1",
						"type": "text"
					},
					{
						"key": "client_secret",
						"value": "1",
						"type": "text"
					}
				],
				"body": {
					"mode": "raw",
					"raw": "{\r\n    \"transactionType\": \"SKIP_DATE\",\r\n    \"loanAccount\": {\r\n        \"id\": 1,\r\n        \"totalPrincipalBalance\": 2000,\r\n        \"repaymentPeriodCount\": 12,\r\n        \"totalInterestBalance\": 0,\r\n        \"totalOBFeesBalance\": 0,\r\n        \"maturedOn\": \"2020-08-23\",\r\n        \"repaymentInstallments\": 18,\r\n        \"paymentSchedules\": [\r\n            {\r\n                \"id\": 4,\r\n                \"scheduledDate\": \"2020-07-23\",\r\n                \"paymentMethodId\": 1,\r\n                \"paymentMethodDescription\": \"Primary\",\r\n                \"status\": \"CANCELLED\",\r\n                \"reasonId\": 7,\r\n                \"principalExpected\": 100,\r\n                \"interestExpected\": 0,\r\n                \"obFeeExpected\": 0,\r\n                \"otherReasonValue\": \"other\",\r\n                \"arrangements\": \"Draft date change\",\r\n                \"parentReferenceId\": null\r\n            },\r\n            {\r\n                \"id\": null,\r\n                \"scheduledDate\": \"2020-08-06\",\r\n                \"paymentMethodId\": 1,\r\n                \"paymentMethodDescription\": \"Primary\",\r\n                \"status\": \"PENDING\",\r\n                \"reasonId\": 7,\r\n                \"principalExpected\": 100,\r\n                \"interestExpected\": 0,\r\n                \"obFeeExpected\": 0,\r\n                \"otherReasonValue\": \"\",\r\n                \"arrangements\": null,\r\n                \"parentReferenceId\": 4\r\n            }\r\n        ]\r\n    }\r\n}",
					"options": {
						"raw": {
							"language": "json"
						}
					}
				},
				"url": {
					"raw": "http://localhost:8082/api/loanAccounts/1/paymentSchedules/adjustBalance",
					"protocol": "http",
					"host": [
						"localhost"
					],
					"port": "8082",
					"path": [
						"api",
						"loanAccounts",
						"1",
						"paymentSchedules",
						"adjustBalance"
					]
				}
			},
			"response": []
		},
		{
			"name": "PYMT_CHANGE",
			"request": {
				"method": "PATCH",
				"header": [
					{
						"key": "client_id",
						"value": "1",
						"type": "text"
					},
					{
						"key": "client_secret",
						"value": "1",
						"type": "text"
					}
				],
				"body": {
					"mode": "raw",
					"raw": "{\r\n    \"transactionType\": \"PYMT_CHANGE\",\r\n    \"loanAccount\": {\r\n        \"id\": 1,\r\n        \"totalPrincipalBalance\": 2000,\r\n        \"repaymentPeriodCount\": 12,\r\n        \"totalInterestBalance\": 0,\r\n        \"totalOBFeesBalance\": 0,\r\n        \"maturedOn\": \"2020-08-23\",\r\n        \"repaymentInstallments\": 18,\r\n        \"paymentSchedules\": [\r\n            {\r\n                \"id\": 4,\r\n                \"scheduledDate\": \"2020-07-23\",\r\n                \"paymentMethodId\": 1,\r\n                \"paymentMethodDescription\": \"Primary\",\r\n                \"status\": \"CANCELLED\",\r\n                \"reasonId\": 7,\r\n                \"principalExpected\": 100,\r\n                \"interestExpected\": 0,\r\n                \"obFeeExpected\": 0,\r\n                \"otherReasonValue\": \"other\",\r\n                \"arrangements\": \"pymt change\",\r\n                \"parentReferenceId\": null\r\n            },\r\n            {\r\n                \"id\": null,\r\n                \"scheduledDate\": \"2020-08-06\",\r\n                \"paymentMethodId\": 1,\r\n                \"paymentMethodDescription\": \"Primary\",\r\n                \"status\": \"PENDING\",\r\n                \"reasonId\": 7,\r\n                \"principalExpected\": 100,\r\n                \"interestExpected\": 0,\r\n                \"obFeeExpected\": 0,\r\n                \"otherReasonValue\": \"\",\r\n                \"arrangements\": null,\r\n                \"parentReferenceId\": 4\r\n            }\r\n        ]\r\n    }\r\n}",
					"options": {
						"raw": {
							"language": "json"
						}
					}
				},
				"url": {
					"raw": "http://localhost:8082/api/loanAccounts/1/paymentSchedules/adjustBalance",
					"protocol": "http",
					"host": [
						"localhost"
					],
					"port": "8082",
					"path": [
						"api",
						"loanAccounts",
						"1",
						"paymentSchedules",
						"adjustBalance"
					]
				}
			},
			"response": []
		},
		{
			"name": "REFUND_AMOUNT",
			"request": {
				"method": "PATCH",
				"header": [
					{
						"key": "client_id",
						"value": "1",
						"type": "text"
					},
					{
						"key": "client_secret",
						"value": "1",
						"type": "text"
					}
				],
				"body": {
					"mode": "raw",
					"raw": "{\r\n    \"transactionType\": \"REFUND_AMOUNT\",\r\n    \"loanAccount\": {\r\n        \"id\": 43,\r\n        \"totalPrincipalBalance\": 12000,\r\n        \"repaymentPeriodCount\": 24,\r\n        \"maturedOn\": \"2022-10-20\",\r\n        \"repaymentInstallments\": \"0\",\r\n        \"paymentSchedules\": [\r\n            {\r\n                \"id\": 43,\r\n                \"scheduledDate\": \"2021-02-20\",\r\n                \"paymentMethodId\": 33,\r\n                \"status\": \"CANCELLED\",\r\n                \"reasonId\": 1001,\r\n                \"principalExpected\": 500,\r\n                \"interestExpected\": 0,\r\n                \"OBFeesExpected\": 0,\r\n                \"otherReasonValue\": \"Refund Payment Adjust\",\r\n                \"arrangements\": \"REFUND_PAYMENT_ADJUST\",\r\n                \"parentReferenceId\": 0\r\n            },\r\n            {\r\n                \"scheduledDate\": \"2021-02-20\",\r\n                \"paymentMethodId\": 33,\r\n                \"status\": \"PENDING\",\r\n                \"reasonId\": 358,\r\n                \"principalExpected\": -500,\r\n                \"interestExpected\": 0,\r\n                \"OBFeesExpected\": 0,\r\n                \"otherReasonValue\": \"Refund Payment Adjust\",\r\n                \"arrangements\": \"\",\r\n                \"parentReferenceId\": 1112\r\n            }\r\n        ]\r\n    }\r\n}",
					"options": {
						"raw": {
							"language": "json"
						}
					}
				},
				"url": {
					"raw": "http://localhost:8082/api/loanAccounts/5/paymentSchedules/adjustBalance",
					"protocol": "http",
					"host": [
						"localhost"
					],
					"port": "8082",
					"path": [
						"api",
						"loanAccounts",
						"5",
						"paymentSchedules",
						"adjustBalance"
					]
				}
			},
			"response": []
		},
		{
			"name": "REMOVE_HOLD",
			"request": {
				"method": "PATCH",
				"header": [
					{
						"key": "client_id",
						"value": "1",
						"type": "text"
					},
					{
						"key": "client_secret",
						"value": "1",
						"type": "text"
					}
				],
				"body": {
					"mode": "raw",
					"raw": "{\r\n    \"transactionType\": \"REMOVE_HOLD\",\r\n    \"loanAccount\": {\r\n        \"id\": 28,\r\n        \"totalPrincipalBalance\": 2000,\r\n        \"repaymentPeriodCount\": 12,\r\n        \"totalInterestBalance\": 0,\r\n        \"totalOBFeesBalance\": 0,\r\n        \"maturedOn\": \"2020-08-23\",\r\n        \"repaymentInstallments\": 18,\r\n        \"paymentSchedules\": [\r\n            {\r\n                \"id\": 4,\r\n                \"scheduledDate\": \"2020-07-23\",\r\n                \"paymentMethodId\": 1,\r\n                \"paymentMethodDescription\": \"Primary\",\r\n                \"status\": \"CANCELLED\",\r\n                \"reasonId\": 7,\r\n                \"principalExpected\": 100,\r\n                \"interestExpected\": 0,\r\n                \"obFeeExpected\": 0,\r\n                \"otherReasonValue\": \"other\",\r\n                \"arrangements\": \"pymt change\",\r\n                \"parentReferenceId\": null\r\n            },\r\n            {\r\n                \"id\": null,\r\n                \"scheduledDate\": \"2020-08-06\",\r\n                \"paymentMethodId\": 1,\r\n                \"paymentMethodDescription\": \"Primary\",\r\n                \"status\": \"PENDING\",\r\n                \"reasonId\": 7,\r\n                \"principalExpected\": 100,\r\n                \"interestExpected\": 0,\r\n                \"obFeeExpected\": 0,\r\n                \"otherReasonValue\": \"\",\r\n                \"arrangements\": null,\r\n                \"parentReferenceId\": 4\r\n            }\r\n        ]\r\n    }\r\n}",
					"options": {
						"raw": {
							"language": "json"
						}
					}
				},
				"url": {
					"raw": "http://localhost:8082/api/loanAccounts/28/paymentSchedules",
					"protocol": "http",
					"host": [
						"localhost"
					],
					"port": "8082",
					"path": [
						"api",
						"loanAccounts",
						"28",
						"paymentSchedules"
					]
				}
			},
			"response": []
		},
		{
			"name": "REMOVE_WITHDRAWN",
			"request": {
				"method": "PATCH",
				"header": [
					{
						"key": "client_id",
						"value": "1",
						"type": "text"
					},
					{
						"key": "client_secret",
						"value": "1",
						"type": "text"
					}
				],
				"body": {
					"mode": "raw",
					"raw": "{\r\n    \"transactionType\": \"REMOVE_WITHDRAWN\",\r\n    \"loanAccount\": {\r\n        \"id\": 1,\r\n        \"totalPrincipalBalance\": 2000.00,\r\n        \"repaymentPeriodCount\": 12,\r\n        \"totalInterestBalance\": 0.00,\r\n        \"totalOBFeesBalance\": 0.00,\r\n        \"maturedOn\": 2020-08-23,\r\n        \"repaymentInstallments\": 18,\r\n        \"paymentSchedules\": [\r\n            {\r\n                \"id\": 1,\r\n                \"scheduledDate\": \"2020-07-23\",\r\n                \"paymentMethodId\": 1,\r\n                \"paymentMethodDescription\": \"Primary\",\r\n                \"status\": \"CANCELLED\",\r\n                \"reasonId\": 3,\r\n                \"principalExpected\": 100,\r\n                \"otherReasonValue\": \"Other Reason\",\r\n                \"parentReferenceId\": 1\r\n            },\r\n            {\r\n                \"id\": null,\r\n                \"scheduledDate\": 2020-07-23,\r\n                \"paymentMethodId\": 1,\r\n                \"paymentMethodDescription\": \"Primary\",\r\n                \"status\": \"PENDING\",\r\n                \"reasonId\": 3,\r\n                \"principalExpected\": 100,\r\n                \"otherReasonValue\": \"Other Reason\",\r\n                \"parentReferenceId\": 0\r\n            }\r\n        ]\r\n    }\r\n}",
					"options": {
						"raw": {
							"language": "json"
						}
					}
				},
				"url": {
					"raw": "http://localhost:8082/api/loanAccounts/13/paymentSchedules/adjustBalance",
					"protocol": "http",
					"host": [
						"localhost"
					],
					"port": "8082",
					"path": [
						"api",
						"loanAccounts",
						"13",
						"paymentSchedules",
						"adjustBalance"
					]
				}
			},
			"response": []
		},
		{
			"name": "BALANCE_INCREASE",
			"request": {
				"method": "PATCH",
				"header": [
					{
						"key": "client_id",
						"value": "1",
						"type": "text"
					},
					{
						"key": "client_secret",
						"value": "1",
						"type": "text"
					}
				],
				"body": {
					"mode": "raw",
					"raw": "{\r\n    \"transactionType\": \"BALANCE_INCREASE\",\r\n    \"loanAccount\": {\r\n        \"id\": 1,\r\n        \"totalPrincipalBalance\": 2000,\r\n        \"repaymentPeriodCount\": 12,\r\n        \"totalInterestBalance\": 0,\r\n        \"totalOBFeesBalance\": 0,\r\n        \"maturedOn\": \"2020-08-23\",\r\n        \"repaymentInstallments\": 18,\r\n        \"paymentSchedules\": [\r\n            {\r\n                \"id\": 362,\r\n                \"scheduledDate\": \"2020-07-23\",\r\n                \"paymentMethodId\": 1,\r\n                \"paymentMethodDescription\": \"Primary\",\r\n                \"status\": \"BALANCE_INCREASE_ADJUST\",\r\n                \"reasonId\": 1001,\r\n                \"principalExpected\": 100,\r\n                \"interestExpected\": 0,\r\n                \"OBFeesExpected\": 0,\r\n                \"otherReasonValue\": \"Refund Payment Adjust\",\r\n                \"arrangements\": null,\r\n                \"parentReferenceId\": null\r\n            },\r\n            {\r\n                \"id\": null,\r\n                \"scheduledDate\": \"2020-07-23\",\r\n                \"paymentMethodId\": 1,\r\n                \"paymentMethodDescription\": \"Primary\",\r\n                \"status\": \"PENDING\",\r\n                \"reasonId\": 358,\r\n                \"principalExpected\": 100,\r\n                \"interestExpected\": 0,\r\n                \"OBFeesExpected\": 0,\r\n                \"otherReasonValue\": \"\",\r\n                \"arrangements\": null,\r\n                \"parentReferenceId\": 362\r\n            }\r\n        ]\r\n    }\r\n}",
					"options": {
						"raw": {
							"language": "json"
						}
					}
				},
				"url": {
					"raw": "http://localhost:8082/api/loanAccounts/13/paymentSchedules/adjustBalance",
					"protocol": "http",
					"host": [
						"localhost"
					],
					"port": "8082",
					"path": [
						"api",
						"loanAccounts",
						"13",
						"paymentSchedules",
						"adjustBalance"
					]
				}
			},
			"response": []
		},
		{
			"name": "BALANCE_DECREASE",
			"request": {
				"method": "PATCH",
				"header": [
					{
						"key": "client_id",
						"value": "1",
						"type": "text"
					},
					{
						"key": "client_secret",
						"value": "1",
						"type": "text"
					}
				],
				"body": {
					"mode": "raw",
					"raw": "{\r\n    \"transactionType\": \"BALANCE_DECREASE\",\r\n    \"loanAccount\": {\r\n        \"id\": 28,\r\n        \"totalPrincipalBalance\": 2000,\r\n        \"repaymentPeriodCount\": 12,\r\n        \"totalInterestBalance\": 0,\r\n        \"totalOBFeesBalance\": 0,\r\n        \"maturedOn\": \"2020-08-23\",\r\n        \"repaymentInstallments\": 18,\r\n        \"paymentSchedules\": [\r\n            {\r\n                \"id\": 303,\r\n                \"scheduledDate\": \"2020-11-23\",\r\n                \"paymentMethodId\": 1,\r\n                \"paymentMethodDescription\": \"Primary\",\r\n                \"status\": \"BALANCE_DECREASE_ADJUST\",\r\n                \"reasonId\": 1001,\r\n                \"principalExpected\": 100,\r\n                \"interestExpected\": 0,\r\n                \"OBFeesExpected\": 0,\r\n                \"otherReasonValue\": \"Refund Payment Adjust\",\r\n                \"arrangements\": null,\r\n                \"parentReferenceId\": null\r\n            },\r\n            {\r\n                \"id\": null,\r\n                \"scheduledDate\": \"2020-12-23\",\r\n                \"paymentMethodId\": 1,\r\n                \"paymentMethodDescription\": \"Primary\",\r\n                \"status\": \"PENDING\",\r\n                \"reasonId\": 303,\r\n                \"principalExpected\": 100,\r\n                \"interestExpected\": 0,\r\n                \"OBFeesExpected\": 0,\r\n                \"otherReasonValue\": \"\",\r\n                \"arrangements\": null,\r\n                \"parentReferenceId\": 303\r\n            }\r\n        ]\r\n    }\r\n}",
					"options": {
						"raw": {
							"language": "json"
						}
					}
				},
				"url": {
					"raw": "http://localhost:8082/api/loanAccounts/13/paymentSchedules/adjustBalance",
					"protocol": "http",
					"host": [
						"localhost"
					],
					"port": "8082",
					"path": [
						"api",
						"loanAccounts",
						"13",
						"paymentSchedules",
						"adjustBalance"
					]
				}
			},
			"response": []
		},
		{
			"name": "uncollectedPastDueSummary",
			"request": {
				"method": "GET",
				"header": [
					{
						"key": "client_id",
						"value": "1",
						"type": "text"
					},
					{
						"key": "client_secret",
						"value": "1",
						"type": "text"
					}
				],
				"url": {
					"raw": "http://localhost:8082/api/loanAccounts/26/paymentSchedules/uncollectedPastDueSummary",
					"protocol": "http",
					"host": [
						"localhost"
					],
					"port": "8082",
					"path": [
						"api",
						"loanAccounts",
						"26",
						"paymentSchedules",
						"uncollectedPastDueSummary"
					]
				}
			},
			"response": []
		},
		{
			"name": "lastPaymentReceivedSummary",
			"request": {
				"method": "GET",
				"header": [
					{
						"key": "client_id",
						"value": "1",
						"type": "text"
					},
					{
						"key": "client_secret",
						"value": "1",
						"type": "text"
					}
				],
				"url": {
					"raw": "http://localhost:8082/api/loanAccounts/26/paymentSchedules/lastPaymentReceivedSummary",
					"protocol": "http",
					"host": [
						"localhost"
					],
					"port": "8082",
					"path": [
						"api",
						"loanAccounts",
						"26",
						"paymentSchedules",
						"lastPaymentReceivedSummary"
					]
				}
			},
			"response": []
		},
		{
			"name": "loanAccountdashboard",
			"request": {
				"method": "GET",
				"header": [
					{
						"key": "client_id",
						"value": "1",
						"type": "text"
					},
					{
						"key": "client_secret",
						"value": "1",
						"type": "text"
					}
				],
				"url": {
					"raw": "http://localhost:8082/api/loanAccounts/445",
					"protocol": "http",
					"host": [
						"localhost"
					],
					"port": "8082",
					"path": [
						"api",
						"loanAccounts",
						"445"
					]
				}
			},
			"response": []
		},
		{
			"name": "paymentSchedules",
			"request": {
				"method": "GET",
				"header": [
					{
						"key": "client_id",
						"value": "f429d852aa0d40a3985173ce3e1d226c",
						"type": "text"
					},
					{
						"key": "client_secret",
						"value": "4de861d8D0Bf4DD39Ae158f9Fb4F3aDf",
						"type": "text"
					}
				],
				"url": {
					"raw": "http://localhost:8082/api/loanAccounts/29/paymentSchedules",
					"protocol": "http",
					"host": [
						"localhost"
					],
					"port": "8082",
					"path": [
						"api",
						"loanAccounts",
						"29",
						"paymentSchedules"
					]
				}
			},
			"response": []
		}
	],
	"protocolProfileBehavior": {}
}