{
    "transaction": {
        "transactionId": "30/03/2021-08:06:28:628 AM",
        "operatorId": "OPERATOR_ID_00102347",
        "workstationId": "STATION_ID_000012",
        "locationId": "13",
        "methodOfPayments": [
            {
                "id": 32
            }
        ],
        "identifiedCustomer": {
            "customerId": 745,
            "loyaltyAccounts": [
                {
                    "accountId": 15,
                    "cardId": "7401234500046",
                    "segments": [
                        12,
                        15,
                        47
                    ]
                }
            ],
            "stampcards": {
                "stampcardsToBeRedeemed": [
                    {
                        "stampcardId": 1,
                        "totalStampcardCount": 15,
                        "isBlocked": false,
                        "stampcardsToUse": 1,
                        "reservationId": "558d99b7-4458-40c0-951a-7543ba9cdd60",
                        "reservationStatus": "SUCCESS"
                    }
                ],
                "stampcardsToBeReleased": [
                    {
                        "stampcardId": 1,
                        "totalStampcardCount": 15,
                        "isBlocked": false,
                        "stampcardsToUse": 1,
                        "reservationId": "558d99b7-4458-40c0-951a-7543ba9cdd60",
                        "reservationStatus": "SUCCESS"
                    }
                ]
            },
            "stampsToBeGranted": [
                {
                    "actionId": "1c43a4a8-8fee-53fc-9b56-99d315dfc582",
                    "stampsCount": 5,
                    "stampcardId": 16
                }
            ],
            "pointsToBeGranted": [
                {
                    "actionId": "faaef28c-b126-5203-8d43-ff90c1f51f3d",
                    "pointsCount": 1,
                    "accountId": 50
                }
            ]
        },
        "transactionStartTime": "2020-09-08T16:31:58+05:30",
        "scannedCoupons": {
            "reservationId": "RESERVID",
            "couponsToBeRedeemed": [
                {
                    "couponTemplateId": "000003",
                    "couponCode": "9900000305846",
                    "couponType": "Serialized",
                    "isExternalCoupon": false,
                    "reservationStatus": "status",
                    "gettingStatus": "ENTITY_NOT_FOUND"
                }
            ],
            "couponsToBeReleased": [
                {
                    "couponTemplateId": "000003",
                    "couponCode": "9900000305846",
                    "couponType": "Serialized",
                    "isExternalCoupon": false,
                    "reservationStatus": "status",
                    "gettingStatus": "ENTITY_NOT_FOUND"
                }
            ]
        },
        "couponsAsBenefitToBeGranted": [
            {
                "couponTemplateId": "031575",
                "couponCode": "99031575000005",
                "couponType": "Serialized",
                "distributionChannels": [
                    "SMS",
                    "EMail"
                ],
                "name": "Coupon template name",
                "description": "Coupon template description.",
                "isCustomerIdAllowed": false,
                "validationStatus": "status"
            }
        ],
        "countersToBeHandled": [
            {
                "countersToBeConfirmed": [
                    {
                        "definitionId": 131,
                        "value": 13.12
                    }
                ],
                "countersToBeReleased": [
                    {
                        "definitionId": 131,
                        "value": 13.12
                    }
                ],
                "alreadyReservedCounters": [
                    {
                        "definitionId": 131,
                        "value": 13.12
                    }
                ],
                "operationId": "1c43a4a8-8fee-53fc-9b56-99d315dfc582",
                "discountDetail": {
                    "id": "discountId",
                    "discountActionType": "Granted"
                }
            }
        ]
    },
    "includeTemplateDataForCouponsGranted": true,
    "includeDesignDataForCouponsGranted": true
}